{"cameraMode":{"drawMode":0,"name":"Shaded","section":"Shading Mode"},"sceneLighting":true,"audioPlay":false,"sceneViewState":{"m_AlwaysRefresh":false,"showFog":true,"showSkybox":true,"showFlares":true,"showImageEffects":true,"showParticleSystems":true,"showVisualEffectGraphs":true,"m_FxEnabled":true},"in2DMode":false,"pivot":{"x":4.21646785736084,"y":29.91604232788086,"z":13.883600234985352},"rotation":{"x":0.1780022233724594,"y":-0.12039610743522644,"z":0.021961789578199388,"w":0.9764847755432129},"size":13.772064208984375,"orthographic":true}